{"c2array": true, "size": [596, 2, 1], "data": [[[2.5401], [1]], [[2.87837], [1]], [[3.05859], [0]], [[4.08172], [1]], [[4.57839], [0]], [[5.09986], [1]], [[5.61982], [5]], [[6.11916], [6]], [[6.97886], [4]], [[7.16085], [3]], [[7.74037], [2]], [[8.17884], [1]], [[8.70173], [5]], [[9.20151], [5]], [[9.72022], [1]], [[9.98182], [1]], [[10.23843], [5]], [[10.73959], [4]], [[11.10087], [1]], [[11.26123], [1]], [[11.77838], [0]], [[12.28137], [1]], [[12.79996], [4]], [[13.30024], [7]], [[13.83816], [4]], [[14.34061], [3]], [[14.83801], [0]], [[15.14179], [1]], [[15.36045], [4]], [[15.88135], [1]], [[16.16184], [1]], [[16.37885], [5]], [[16.89899], [0]], [[17.3999], [1]], [[17.91981], [6]], [[18.17984], [0]], [[18.43944], [3]], [[18.95905], [4]], [[19.25846], [1]], [[19.46171], [1]], [[19.80192], [0]], [[19.98121], [0]], [[20.48059], [1]], [[21.00167], [4]], [[21.52181], [7]], [[21.85985], [7]], [[22.03922], [2]], [[22.53815], [3]], [[22.61924], [2]], [[22.87962], [2]], [[23.0785], [3]], [[23.35967], [3]], [[23.56178], [4]], [[23.92036], [0]], [[24.15817], [1]], [[24.57929], [6]], [[25.099], [5]], [[25.61905], [3]], [[26.64041], [2]], [[27.16174], [2]], [[27.50004], [1]], [[27.66155], [7]], [[28.17824], [0]], [[28.69891], [2]], [[29.28076], [3]], [[29.71936], [3]], [[30.23826], [6]], [[30.74187], [6]], [[31.2784], [0]], [[31.60093], [3]], [[31.78181], [1]], [[31.94124], [4]], [[32.36042], [4]], [[32.80123], [3]], [[33.32146], [1]], [[33.65984], [4]], [[33.82136], [4]], [[34.33942], [1]], [[34.60179], [1]], [[34.83838], [5]], [[34.83838], [5]], [[35.35953], [1]], [[35.70142], [1]], [[35.88073], [0]], [[36.3789], [4]], [[36.90133], [3]], [[37.42178], [6]], [[37.9186], [0]], [[38.44096], [1]], [[38.94097], [1]], [[39.3019], [0]], [[39.45993], [0]], [[39.75953], [1]], [[39.9813], [1]], [[40.49854], [4]], [[40.99927], [7]], [[41.51843], [0]], [[42.0217], [6]], [[42.53942], [0]], [[42.80108], [0]], [[43.04172], [8]], [[43.56192], [1]], [[43.88045], [4]], [[44.07828], [7]], [[44.42055], [4]], [[44.60185], [1]], [[45.10159], [5]], [[45.62127], [1]], [[45.91828], [1]], [[46.12135], [5]], [[46.66012], [0]], [[47.16058], [1]], [[47.96133], [0]], [[48.18144], [1]], [[48.7618], [0]], [[48.98105], [1]], [[49.19805], [2]], [[49.72091], [0]], [[49.98083], [1]], [[50.24026], [1]], [[50.73865], [0]], [[50.99917], [0]], [[51.26071], [7]], [[51.78127], [2]], [[52.28029], [4]], [[52.58064], [3]], [[52.80195], [3]], [[53.30195], [6]], [[53.82123], [5]], [[54.3416], [1]], [[54.64186], [1]], [[54.85971], [0]], [[55.36135], [0]], [[55.65802], [1]], [[56.11877], [1]], [[56.21918], [0]], [[56.38197], [0]], [[56.699], [1]], [[56.95889], [7]], [[57.42187], [5]], [[57.92124], [2]], [[58.17853], [1]], [[58.44141], [3]], [[59.45835], [5]], [[59.98133], [6]], [[60.33946], [6]], [[60.48085], [5]], [[60.99917], [2]], [[61.52103], [0]], [[62.01858], [7]], [[62.54074], [1]], [[63.05893], [4]], [[63.35954], [0]], [[63.56187], [1]], [[64.08123], [1]], [[64.37869], [0]], [[64.60177], [4]], [[65.12101], [7]], [[65.40142], [7]], [[65.62067], [4]], [[65.88122], [4]], [[66.1415], [7]], [[66.38127], [3]], [[66.63841], [0]], [[66.9019], [6]], [[67.1598], [1]], [[67.65833], [4]], [[67.65833], [4]], [[68.69821], [3]], [[68.69821], [3]], [[69.72125], [0]], [[70.24061], [6]], [[70.74187], [5]], [[71.78043], [6]], [[72.11913], [3]], [[72.2793], [8]], [[72.60069], [1]], [[72.79837], [1]], [[73.15868], [0]], [[73.82189], [4]], [[74.33917], [6]], [[74.84093], [7]], [[75.35839], [3]], [[75.88091], [2]], [[76.7416], [1]], [[76.89827], [1]], [[77.4801], [5]], [[77.92136], [5]], [[78.49839], [1]], [[78.95824], [2]], [[79.79835], [0]], [[79.97894], [5]], [[80.73819], [2]], [[80.84046], [8]], [[81.00141], [1]], [[81.52085], [7]], [[82.01954], [3]], [[82.54075], [4]], [[82.87838], [6]], [[83.06059], [1]], [[84.07856], [3]], [[84.60023], [3]], [[84.93815], [2]], [[85.10149], [6]], [[85.61854], [5]], [[86.11911], [0]], [[86.63816], [1]], [[87.16078], [1]], [[87.49979], [0]], [[87.67854], [0]], [[88.17992], [6]], [[88.52088], [1]], [[88.68159], [0]], [[88.99895], [0]], [[89.19966], [6]], [[89.72122], [6]], [[90.22073], [0]], [[90.7392], [7]], [[91.261], [5]], [[91.781], [1]], [[92.2794], [5]], [[92.8016], [6]], [[93.09936], [0]], [[93.32171], [0]], [[93.82171], [7]], [[94.34121], [4]], [[94.86069], [1]], [[95.36062], [1]], [[96.15801], [0]], [[96.38103], [0]], [[97.16178], [1]], [[97.42141], [1]], [[97.92037], [0]], [[98.43898], [0]], [[98.69818], [7]], [[98.95875], [7]], [[99.29994], [0]], [[99.45807], [0]], [[99.60157], [1]], [[100.47819], [4]], [[101.52075], [1]], [[101.81852], [1]], [[102.07816], [4]], [[102.07816], [5]], [[102.53989], [1]], [[102.53989], [1]], [[103.06044], [0]], [[103.55827], [1]], [[103.86122], [4]], [[104.08038], [4]], [[104.58061], [1]], [[104.67871], [1]], [[105.09944], [0]], [[105.40072], [0]], [[105.61949], [7]], [[105.9585], [7]], [[106.63895], [2]], [[106.63895], [2]], [[107.16044], [8]], [[107.66196], [5]], [[108.17996], [1]], [[108.68051], [1]], [[109.71815], [0]], [[110.21841], [0]], [[110.71866], [6]], [[111.26151], [6]], [[111.74155], [0]], [[112.28013], [0]], [[112.78108], [7]], [[113.55995], [1]], [[113.82193], [4]], [[114.11847], [2]], [[114.58052], [1]], [[114.83875], [5]], [[115.36144], [5]], [[115.88002], [6]], [[116.38076], [1]], [[116.64071], [0]], [[116.88088], [0]], [[117.4185], [7]], [[117.91807], [7]], [[118.44169], [0]], [[118.93997], [0]], [[119.46072], [6]], [[119.98093], [6]], [[120.49823], [0]], [[120.9988], [0]], [[121.29974], [1]], [[121.86112], [1]], [[122.0218], [0]], [[122.33948], [0]], [[122.61989], [1]], [[123.05996], [1]], [[123.56057], [0]], [[124.08157], [0]], [[124.34098], [1]], [[124.59935], [1]], [[124.84133], [0]], [[125.10113], [0]], [[125.25822], [1]], [[125.39839], [1]], [[125.61882], [0]], [[125.95979], [1]], [[126.12045], [8]], [[126.65861], [0]], [[127.14188], [7]], [[127.14188], [7]], [[127.68015], [0]], [[128.01958], [0]], [[128.17954], [1]], [[128.69898], [6]], [[129.19858], [4]], [[129.71845], [7]], [[130.01988], [7]], [[130.22033], [4]], [[130.76199], [0]], [[131.04019], [1]], [[131.26011], [1]], [[131.77932], [4]], [[132.06017], [4]], [[132.27814], [3]], [[132.79873], [3]], [[133.05848], [4]], [[133.30139], [6]], [[133.81943], [0]], [[134.14195], [1]], [[134.33914], [1]], [[134.6603], [4]], [[134.86135], [0]], [[135.36044], [1]], [[135.36044], [1]], [[135.87818], [0]], [[135.87818], [0]], [[136.38101], [6]], [[136.38101], [6]], [[136.73817], [5]], [[136.8988], [5]], [[137.40019], [2]], [[137.50142], [7]], [[137.76145], [3]], [[137.91918], [2]], [[138.21893], [4]], [[138.43983], [5]], [[138.78084], [1]], [[139.02029], [1]], [[139.46191], [8]], [[139.98052], [0]], [[140.48101], [2]], [[141.00065], [6]], [[141.35907], [7]], [[141.50044], [8]], [[142.04021], [5]], [[142.37806], [6]], [[142.53963], [2]], [[143.05873], [0]], [[143.56088], [1]], [[144.13972], [1]], [[144.58023], [0]], [[145.10099], [8]], [[145.60067], [6]], [[145.60067], [6]], [[146.48124], [5]], [[146.63835], [5]], [[147.22072], [1]], [[147.65847], [6]], [[148.1806], [0]], [[148.52143], [0]], [[148.70063], [7]], [[149.19901], [7]], [[149.71983], [0]], [[150.21963], [0]], [[150.57809], [1]], [[150.73968], [1]], [[151.25864], [4]], [[151.76139], [4]], [[152.27848], [3]], [[152.79841], [3]], [[153.31985], [4]], [[153.81867], [6]], [[154.11917], [1]], [[154.60021], [8]], [[154.67819], [0]], [[154.84044], [1]], [[155.43805], [6]], [[155.87989], [4]], [[156.39965], [5]], [[156.639], [7]], [[156.90186], [6]], [[157.15979], [0]], [[157.4189], [0]], [[157.65984], [1]], [[157.75966], [1]], [[157.92065], [0]], [[158.21967], [0]], [[158.4416], [1]], [[158.78106], [1]], [[158.95933], [4]], [[159.45856], [5]], [[159.98107], [3]], [[160.47856], [2]], [[161.00172], [1]], [[161.32121], [1]], [[161.52143], [0]], [[162.02047], [0]], [[162.54119], [6]], [[163.0596], [6]], [[163.58116], [4]], [[163.86112], [0]], [[164.0798], [7]], [[164.60082], [7]], [[164.85913], [0]], [[165.10068], [0]], 