{"c2array": true, "size": [442, 2, 1], "data": [[[5.09986], [1]], [[5.09986], [1]], [[7.16085], [0]], [[8.17884], [0]], [[8.70173], [1]], [[9.20151], [1]], [[9.72022], [0]], [[10.23843], [0]], [[11.26123], [6]], [[11.77838], [1]], [[12.28137], [0]], [[12.79996], [0]], [[13.30024], [1]], [[13.83816], [7]], [[14.34061], [0]], [[14.83801], [0]], [[15.14179], [1]], [[15.36045], [1]], [[15.88135], [0]], [[16.37885], [0]], [[16.89899], [1]], [[17.3999], [1]], [[17.91981], [0]], [[18.17984], [0]], [[18.43944], [1]], [[18.94158], [0]], [[19.25846], [1]], [[19.46171], [1]], [[19.98121], [8]], [[20.48059], [1]], [[21.00167], [0]], [[21.52181], [0]], [[22.03922], [1]], [[22.53815], [1]], [[23.35967], [0]], [[23.56178], [0]], [[24.15817], [1]], [[24.57929], [1]], [[25.099], [0]], [[25.61905], [0]], [[26.64041], [1]], [[27.16174], [1]], [[27.66155], [0]], [[28.17824], [0]], [[28.69891], [1]], [[29.71936], [1]], [[30.23826], [0]], [[30.74187], [0]], [[31.76012], [1]], [[32.36042], [1]], [[32.80123], [0]], [[33.29904], [0]], [[33.82136], [1]], [[34.33942], [1]], [[34.83838], [0]], [[35.35953], [0]], [[35.88073], [1]], [[36.3789], [1]], [[36.90133], [0]], [[37.42178], [0]], [[37.9186], [1]], [[38.44096], [1]], [[38.94097], [0]], [[39.3019], [0]], [[39.45993], [8]], [[39.75953], [1]], [[39.9813], [1]], [[40.51888], [0]], [[40.99927], [0]], [[41.51843], [1]], [[42.0217], [1]], [[42.53942], [0]], [[42.80108], [0]], [[43.04172], [1]], [[43.56192], [1]], [[44.07828], [0]], [[44.60185], [0]], [[45.10159], [1]], [[45.62127], [1]], [[46.12135], [0]], [[46.63998], [0]], [[47.16058], [1]], [[47.96133], [8]], [[48.18144], [1]], [[48.7618], [1]], [[49.19805], [0]], [[49.72091], [0]], [[50.24026], [1]], [[50.24026], [1]], [[50.73865], [0]], [[50.99917], [0]], [[51.26071], [1]], [[51.75823], [7]], [[52.28029], [0]], [[52.80195], [0]], [[53.30195], [1]], [[53.82123], [1]], [[54.3197], [0]], [[54.85971], [0]], [[55.36135], [1]], [[55.65802], [7]], [[56.38197], [0]], [[56.97846], [1]], [[57.40182], [0]], [[57.92124], [1]], [[58.44141], [0]], [[59.45835], [1]], [[59.98133], [0]], [[60.48085], [0]], [[60.99917], [1]], [[61.52103], [1]], [[62.01858], [0]], [[62.54074], [0]], [[63.05893], [1]], [[63.56187], [1]], [[64.08123], [0]], [[64.60177], [0]], [[65.12101], [1]], [[65.40142], [1]], [[65.62067], [0]], [[66.1415], [0]], [[66.38127], [1]], [[66.63841], [1]], [[66.9019], [0]], [[67.1598], [0]], [[67.65833], [1]], [[68.69821], [8]], [[69.72125], [1]], [[70.24061], [1]], [[70.74187], [0]], [[71.7619], [1]], [[72.2793], [0]], [[72.60069], [0]], [[72.79837], [1]], [[73.82189], [0]], [[74.33917], [1]], [[74.84093], [1]], [[75.35839], [0]], [[75.88091], [0]], [[76.89827], [1]], [[77.4801], [1]], [[77.92136], [0]], [[78.95824], [5]], [[79.97894], [7]], [[81.00141], [4]], [[82.01954], [1]], [[82.54075], [1]], [[83.03965], [8]], [[84.07856], [0]], [[85.10149], [1]], [[85.61854], [1]], [[86.11911], [0]], [[86.63816], [0]], [[87.16078], [1]], [[87.67854], [1]], [[88.17992], [0]], [[88.52088], [0]], [[89.19966], [1]], [[89.72122], [1]], [[90.22073], [0]], [[90.7392], [0]], [[91.261], [1]], [[91.781], [1]], [[92.2794], [0]], [[92.8016], [0]], [[93.09936], [1]], [[93.2985], [1]], [[94.34121], [0]], [[94.86069], [0]], [[95.36062], [1]], [[95.36062], [1]], [[96.38103], [0]], [[96.38103], [0]], [[97.16178], [1]], [[97.42141], [1]], [[97.92037], [0]], [[98.43898], [0]], [[98.69818], [1]], [[98.95875], [1]], [[99.45807], [0]], [[100.47819], [0]], [[101.52075], [1]], [[102.07816], [1]], [[102.53989], [0]], [[103.55827], [1]], [[103.86122], [0]], [[104.08038], [0]], [[104.58061], [1]], [[105.09944], [1]], [[105.40072], [0]], [[105.61949], [0]], [[105.9585], [1]], [[106.63895], [8]], [[107.16044], [1]], [[107.66196], [0]], [[108.17996], [1]], [[108.68051], [1]], [[109.71815], [0]], [[110.19827], [0]], [[110.71866], [1]], [[111.26151], [1]], [[111.74155], [0]], [[112.28013], [0]], [[112.78108], [1]], [[113.55995], [1]], [[113.82193], [0]], [[114.11847], [0]], [[114.83875], [1]], [[115.36144], [1]], [[115.85846], [0]], [[116.38076], [0]], [[116.64071], [1]], [[116.88088], [1]], [[117.91807], [4]], [[118.93997], [8]], [[119.46072], [1]], [[119.98093], [1]], [[120.49823], [0]], [[120.9988], [8]], [[121.86112], [1]], [[122.0218], [1]], [[122.61989], [0]], [[123.04078], [0]], [[123.56057], [1]], [[124.08157], [1]], [[124.59935], [0]], [[124.84133], [0]], [[125.10113], [1]], [[125.39839], [1]], [[125.61882], [0]], [[126.12045], [0]], [[126.64189], [1]], [[127.14188], [1]], [[127.65922], [0]], [[128.17954], [0]], [[128.69898], [6]], [[129.19858], [1]], [[129.71845], [5]], [[130.01988], [0]], [[130.22033], [1]], [[130.76199], [1]], [[131.04019], [0]], [[131.26011], [0]], [[131.75828], [1]], [[132.27814], [4]], [[132.79873], [7]], [[133.05848], [1]], [[133.30139], [8]], [[133.81943], [0]], [[134.33914], [1]], [[134.86135], [1]], [[135.36044], [0]], [[135.87818], [7]], [[136.38101], [0]], [[136.8988], [8]], [[138.21893], [1]], [[138.43983], [1]], [[139.02029], [0]], [[139.46191], [0]], [[139.98052], [1]], [[140.48101], [1]], [[141.00065], [8]], [[141.50044], [0]], [[142.01894], [1]], [[142.53963], [1]], [[143.05873], [0]], [[143.56088], [0]], [[144.58023], [1]], [[145.10099], [1]], [[145.60067], [0]], [[146.63835], [0]], [[147.22072], [1]], [[147.65847], [1]], [[148.1806], [0]], [[148.67837], [0]], [[149.19901], [1]], [[149.71983], [1]], [[150.21963], [0]], [[150.73968], [0]], [[151.25864], [1]], [[151.76139], [1]], [[152.27848], [0]], [[152.79841], [1]], [[153.31985], [0]], [[153.81867], [0]], [[154.84044], [1]], [[155.43805], [1]], [[155.8609], [0]], [[156.39965], [0]], [[156.90186], [1]], [[157.4189], [1]], [[157.92065], [0]], [[158.21967], [0]], [[158.4416], [1]], [[158.93971], [1]], [[159.45856], [0]], [[159.98107], [0]], [[160.47856], [1]], [[161.00172], [1]], [[161.52143], [0]], [[162.02047], [0]], [[162.54119], [1]], [[163.03907], [0]], [[163.58116], [1]], [[163.86112], [1]], [[164.0798], [0]], [[164.60082], [0]], [[164.85913], [1]], [[165.10068], [1]], [[165.61806], [0]], [[165.88129], [0]], [[166.12022], [1]], [[166.6383], [1]], [[167.16114], [0]], [[167.66113], [0]], [[168.17988], [1]], [[168.70186], [1]], [[169.19834], [0]], [[169.71842], [0]], [[170.22026], [1]], [[170.58057], [1]], [[171.00198], [0]], [[171.26099], [8]], [[171.84095], [6]], [[172.27864], [5]], [[172.8], [1]], [[173.05903], [1]], [[173.31981], [0]], [[173.8184], [8]], [[174.34172], [1]], [[174.83954], [1]], [[175.35808], [0]], [[175.87905], [0]], [[176.37954], [1]], [[177.40157], [1]], [[177.92043], [0]], [[178.43924], [1]], [[179.46053], [8]], [[180.47812], [0]], [[181.25827], [1]], [[181.51818], [1]], [[181.78153], [0]], [[182.01843], [0]], [[182.27906], [1]], [[182.5396], [1]], [[183.06068], [8]], [[183.55874], [1]], [[184.07973], [0]], [[184.58175], [0]], [[185.09801], [1]], [[185.62063], [8]], [[186.13833], [1]], [[186.64098], [1]], [[187.45958], [0]], [[187.66088], [0]], [[188.20146], [1]], [[188.69983], [1]], [[189.22005], [0]], [[189.72118], [8]], [[190.23895], [1]], [[190.73877], [0]], [[191.26062], [1]], [[191.559], [1]], [[191.76111], [0]], [[192.28038], [1]], [[192.80095], [0]], [[193.29819], [1]], [[193.81809], [0]], [[194.34113], [1]], [[194.84115], [0]], [[195.8785], [1]], [[196.67818], [0]], [[196.89805], [0]], [[197.42136], [1]], [[197.9197], [1]], [[198.44102], [0]], [[198.70072], [0]], [[198.96064], [1]], [[199.46011], [1]], [[199.98129], [0]], [[200.4811], [8]], [[201.00032], [1]], [[201.51938], [1]], [[202.02144], [0]], [[202.53836], [0]], [[203.04137], [1]], [[204.08068], [1]], [[204.65822], [0]], [[205.1008], [0]], [[205.61886], [7]], [[206.12058], [1]], [[206.63828], [0]], [[207.16078], [0]], [[207.65867], [1]], [[208.17846], [1]], [[208.6994], [0]], [[209.19923], [0]], [[209.71825], [1]], [[210.23971], [1]], [[210.73877], [0]], [[211.26136], [0]], [[211.78084], [1]], [[212.08075], [1]], [[212.28121], [0]], [[212.7993], [0]], [[213.29827], [1]], [[213.8184], [1]], [[214.07938], [0]], [[214.3401], [0]], 