{"c2array": true, "size": [250, 2, 1], "data": [[[3.26076], [1]], [[3.67827], [1]], [[4.08172], [0]], [[4.87916], [1]], [[5.28111], [0]], [[6.07967], [1]], [[6.47824], [5]], [[7.2797], [0]], [[8.48127], [1]], [[8.88136], [1]], [[9.68009], [0]], [[12.07917], [0]], [[12.47842], [1]], [[13.68095], [1]], [[16.88068], [0]], [[18.07881], [0]], [[19.28008], [1]], [[20.07816], [1]], [[20.48059], [5]], [[21.27927], [4]], [[22.08025], [1]], [[22.47926], [1]], [[22.87962], [0]], [[23.27816], [0]], [[23.67989], [1]], [[24.4809], [1]], [[24.88067], [0]], [[25.27906], [0]], [[25.6811], [1]], [[26.48196], [2]], [[27.67886], [0]], [[28.48084], [1]], [[28.87907], [1]], [[29.28076], [0]], [[30.48177], [0]], [[30.8798], [1]], [[31.6783], [1]], [[32.08169], [4]], [[32.87966], [5]], [[33.28032], [1]], [[34.07815], [1]], [[35.27869], [0]], [[36.88156], [0]], [[37.28144], [1]], [[38.08033], [1]], [[38.47918], [0]], [[39.2815], [0]], [[40.48035], [1]], [[40.87959], [1]], [[41.28162], [0]], [[41.67811], [0]], [[42.4817], [3]], [[43.27954], [1]], [[43.67826], [1]], [[44.07828], [0]], [[44.88024], [1]], [[45.68028], [0]], [[46.47966], [1]], [[46.87838], [1]], [[47.28037], [0]], [[47.68109], [0]], [[48.08038], [1]], [[48.87906], [0]], [[49.68136], [1]], [[50.07957], [1]], [[50.48177], [0]], [[50.87897], [0]], [[51.27964], [1]], [[51.68014], [1]], [[52.08179], [0]], [[52.88074], [1]], [[53.28156], [0]], [[53.6803], [0]], [[54.48098], [1]], [[55.27964], [1]], [[56.08045], [0]], [[56.88069], [0]], [[57.27829], [1]], [[57.68032], [1]], [[58.48068], [0]], [[58.87817], [0]], [[59.28039], [1]], [[60.07998], [8]], [[60.07998], [8]], [[60.88183], [1]], [[61.67865], [0]], [[62.47803], [1]], [[63.27842], [1]], [[64.08123], [0]], [[64.8806], [0]], [[65.68007], [1]], [[66.08118], [1]], [[66.47868], [0]], [[67.2796], [0]], [[68.08177], [1]], [[68.88151], [0]], [[69.28014], [1]], [[69.67972], [1]], [[70.48112], [0]], [[71.28069], [2]], [[71.67938], [0]], [[72.08108], [1]], [[72.48057], [1]], [[72.88181], [0]], [[73.68108], [0]], [[74.48071], [1]], [[74.8813], [1]], [[75.27977], [0]], [[75.68165], [0]], [[76.07819], [1]], [[76.47832], [1]], [[76.87961], [0]], [[77.68191], [0]], [[78.08131], [1]], [[78.47833], [1]], [[78.88035], [0]], [[79.27878], [2]], [[80.88191], [1]], [[82.08099], [0]], [[83.27821], [1]], [[84.07856], [0]], [[85.27876], [1]], [[85.68199], [0]], [[86.4792], [1]], [[87.28169], [0]], [[88.0808], [1]], [[88.48155], [1]], [[89.6792], [0]], [[90.47866], [0]], [[90.88043], [1]], [[92.88039], [0]], [[93.2814], [1]], [[93.67878], [1]], [[94.47892], [8]], [[95.27947], [0]], [[95.68053], [1]], [[96.08005], [1]], [[96.87833], [0]], [[97.67803], [1]], [[98.47835], [0]], [[99.27838], [1]], [[100.08113], [0]], [[100.87908], [0]], [[101.67853], [1]], [[102.48063], [0]], [[103.27986], [1]], [[104.08038], [1]], [[104.88018], [0]], [[105.67904], [0]], [[106.47885], [1]], [[107.27982], [0]], [[108.08156], [1]], [[108.8813], [0]], [[109.68137], [1]], [[110.47818], [1]], [[111.28171], [0]], [[112.08155], [1]], [[112.87863], [0]], [[113.6796], [0]], [[114.48189], [1]], [[115.28091], [1]], [[116.08155], [0]], [[116.88088], [0]], [[117.68135], [1]], [[118.47869], [1]], [[118.88038], [0]], [[119.27944], [0]], [[120.0802], [1]], [[120.0802], [1]], [[120.88166], [0]], [[121.68045], [0]], [[122.47974], [1]], [[122.87802], [1]], [[123.27978], [0]], [[123.67922], [0]], [[124.08157], [1]], [[124.87939], [0]], [[125.68056], [1]], [[126.48125], [8]], [[126.8815], [1]], [[127.28025], [1]], [[127.68015], [0]], [[128.08066], [0]], [[128.88074], [1]], [[129.6798], [1]], [[130.48142], [0]], [[131.27858], [0]], [[132.07997], [1]], [[132.47834], [1]], [[132.88129], [0]], [[133.67879], [0]], [[134.47923], [1]], [[135.2805], [1]], [[136.08132], [0]], [[136.48195], [0]], [[136.88127], [1]], [[137.68148], [1]], [[138.47838], [0]], [[139.28043], [0]], [[139.67868], [1]], [[140.08115], [1]], [[140.88121], [0]], [[141.68154], [0]], [[142.48131], [1]], [[143.28121], [1]], [[146.88125], [0]], [[150.47836], [0]], [[155.68003], [1]], [[156.07972], [1]], [[156.88164], [0]], [[158.88176], [1]], [[160.08116], [3]], [[160.89813], [1]], [[162.07996], [2]], [[163.27925], [1]], [[164.0798], [1]], [[165.28156], [0]], [[166.48074], [0]], [[166.88146], [1]], [[167.28026], [1]], [[168.48188], [0]], [[168.88085], [0]], [[173.67881], [1]], [[174.87895], [1]], [[178.0796], [0]], [[178.0796], [0]], [[181.28183], [1]], [[182.47843], [1]], [[184.47858], [0]], [[185.27926], [0]], [[188.87912], [1]], [[188.87912], [1]], [[191.679], [8]], [[191.679], [8]], [[194.08062], [1]], [[195.28089], [1]], [[196.08041], [0]], [[196.08041], [0]], [[198.0796], [1]], [[198.47989], [1]], [[199.30061], [0]], [[199.67994], [0]], [[200.4811], [1]], [[201.67935], [1]], [[205.6805], [1]], [[206.08136], [1]], [[206.88185], [0]], [[211.29836], [1]], [[212.09823], [1]], [[219.67984], [1]]]}