{"c2array": true, "size": [353, 2, 1], "data": [[[5.09986], [1]], [[5.09986], [1]], [[8.17884], [1]], [[9.20151], [1]], [[9.72022], [3]], [[11.26123], [1]], [[12.28137], [2]], [[12.79996], [3]], [[13.30024], [3]], [[14.34061], [6]], [[14.83801], [6]], [[15.14179], [0]], [[15.36045], [0]], [[16.37885], [3]], [[16.89899], [1]], [[17.3999], [1]], [[17.91981], [0]], [[18.17984], [0]], [[18.43944], [1]], [[18.94158], [2]], [[19.46171], [0]], [[19.98121], [1]], [[20.48059], [1]], [[21.00167], [0]], [[21.50081], [3]], [[23.35967], [8]], [[23.56178], [8]], [[24.57929], [3]], [[25.099], [8]], [[25.61905], [2]], [[26.64041], [3]], [[27.16174], [0]], [[27.66155], [0]], [[28.67956], [1]], [[29.71936], [1]], [[30.23826], [0]], [[30.74187], [0]], [[31.76012], [3]], [[32.80123], [2]], [[33.29904], [3]], [[33.82136], [2]], [[34.33942], [2]], [[34.83838], [0]], [[35.35953], [1]], [[35.86127], [0]], [[36.3789], [0]], [[36.90133], [1]], [[37.40035], [0]], [[37.9186], [1]], [[38.44096], [0]], [[38.94097], [1]], [[39.45993], [1]], [[39.9813], [8]], [[40.99927], [3]], [[41.51843], [1]], [[42.0217], [1]], [[42.53942], [0]], [[43.04172], [1]], [[43.56192], [0]], [[44.07828], [3]], [[45.10159], [0]], [[45.62127], [1]], [[46.12135], [1]], [[46.63998], [0]], [[47.16058], [2]], [[48.18144], [3]], [[49.19805], [1]], [[50.24026], [1]], [[50.73865], [0]], [[51.26071], [0]], [[52.28029], [1]], [[52.80195], [1]], [[53.30195], [0]], [[53.82123], [0]], [[54.3197], [7]], [[55.36135], [8]], [[56.38197], [2]], [[57.40182], [1]], [[57.92124], [0]], [[58.44141], [1]], [[59.45835], [2]], [[59.98133], [3]], [[60.48085], [8]], [[60.99917], [8]], [[61.49906], [1]], [[62.54074], [1]], [[63.05893], [0]], [[63.56187], [1]], [[64.08123], [0]], [[64.60177], [0]], [[65.10031], [1]], [[65.40142], [1]], [[65.62067], [0]], [[66.1415], [0]], [[66.63841], [3]], [[67.1598], [2]], [[67.65833], [1]], [[67.65833], [1]], [[68.69821], [0]], [[68.69821], [0]], [[69.72125], [8]], [[69.72125], [8]], [[70.74187], [1]], [[70.74187], [1]], [[72.79837], [8]], [[72.79837], [8]], [[73.82189], [1]], [[74.33917], [1]], [[74.84093], [0]], [[75.35839], [0]], [[75.85832], [2]], [[76.89827], [3]], [[77.92136], [1]], [[78.94176], [2]], [[78.94176], [2]], [[79.97894], [3]], [[79.97894], [3]], [[81.00141], [8]], [[81.00141], [8]], [[82.01954], [1]], [[82.54075], [0]], [[83.03965], [1]], [[84.07856], [3]], [[85.10149], [2]], [[86.11911], [8]], [[87.16078], [8]], [[88.17992], [8]], [[89.19966], [7]], [[89.72122], [4]], [[90.22073], [1]], [[90.7392], [0]], [[91.261], [3]], [[92.2794], [3]], [[92.2794], [3]], [[93.09936], [1]], [[93.2985], [1]], [[94.34121], [2]], [[95.36062], [3]], [[95.36062], [3]], [[96.38103], [0]], [[97.16178], [1]], [[97.92037], [0]], [[98.43898], [1]], [[98.95875], [0]], [[99.45807], [1]], [[100.47819], [2]], [[101.52075], [3]], [[102.07816], [8]], [[102.53989], [1]], [[103.55827], [1]], [[104.58061], [0]], [[105.40072], [1]], [[105.61949], [1]], [[106.63895], [0]], [[107.16044], [0]], [[107.66196], [1]], [[108.17996], [0]], [[108.68051], [2]], [[108.68051], [2]], [[109.71815], [1]], [[110.19827], [1]], [[110.71866], [3]], [[111.74155], [8]], [[112.78108], [3]], [[112.78108], [3]], [[113.55995], [2]], [[113.82193], [2]], [[114.83875], [3]], [[115.36144], [3]], [[115.85846], [2]], [[116.64071], [1]], [[116.88088], [0]], [[118.93997], [3]], [[119.46072], [3]], [[119.98093], [2]], [[120.9988], [3]], [[122.0218], [2]], [[123.04078], [0]], [[123.56057], [1]], [[124.08157], [0]], [[124.57891], [1]], [[125.10113], [0]], [[125.61882], [1]], [[126.12045], [1]], [[126.64189], [0]], [[127.14188], [0]], [[127.65922], [1]], [[128.17954], [1]], [[129.19858], [5]], [[129.71845], [0]], [[130.01988], [1]], [[130.22033], [1]], [[130.76199], [8]], [[131.26011], [8]], [[131.75828], [1]], [[132.27814], [1]], [[132.79873], [0]], [[133.30139], [0]], [[133.81943], [1]], [[134.32095], [1]], [[134.84155], [0]], [[135.36044], [0]], [[135.85962], [1]], [[136.38101], [1]], [[136.8988], [2]], [[138.21893], [1]], [[138.43983], [1]], [[139.02029], [0]], [[139.46191], [0]], [[139.98052], [1]], [[140.48101], [1]], [[141.50044], [3]], [[142.01894], [2]], [[142.53963], [1]], [[143.56088], [8]], [[144.58023], [1]], [[145.10099], [1]], [[145.60067], [2]], [[146.63835], [8]], [[147.65847], [1]], [[148.1806], [0]], [[148.67837], [0]], [[149.19901], [1]], [[149.71983], [1]], [[150.21963], [0]], [[150.73968], [0]], [[151.25864], [1]], [[151.76139], [1]], [[152.27848], [0]], [[152.79841], [0]], [[153.81867], [7]], [[154.84044], [2]], [[155.8609], [1]], [[156.39965], [1]], [[156.90186], [3]], [[157.4189], [2]], [[157.92065], [6]], [[158.4416], [7]], [[158.93971], [3]], [[159.45856], [2]], [[159.96082], [4]], [[160.47856], [8]], [[161.00172], [1]], [[161.52143], [0]], [[162.02047], [1]], [[163.03907], [1]], [[163.58116], [3]], [[164.0798], [2]], [[164.60082], [2]], [[165.10068], [1]], [[165.61806], [1]], [[166.12022], [0]], [[166.6383], [7]], [[167.16114], [0]], [[168.17988], [0]], [[168.67808], [1]], [[169.19834], [2]], [[169.71842], [3]], [[170.22026], [8]], [[171.26099], [1]], [[171.84095], [1]], [[172.27864], [3]], [[172.8], [2]], [[173.29864], [8]], [[173.29864], [8]], [[174.34172], [1]], [[174.83954], [1]], [[175.35808], [0]], [[175.87905], [0]], [[176.37954], [1]], [[177.40157], [3]], [[177.92043], [0]], [[178.43924], [1]], [[179.46053], [8]], [[180.47812], [8]], [[181.51818], [2]], [[182.5396], [1]], [[183.55874], [3]], [[184.07973], [7]], [[184.58175], [6]], [[185.09801], [2]], [[185.62063], [3]], [[186.64098], [8]], [[187.66088], [1]], [[188.17896], [0]], [[188.67892], [1]], [[189.22005], [0]], [[189.72118], [6]], [[190.23895], [7]], [[190.73877], [0]], [[191.26062], [0]], [[191.559], [1]], [[191.76111], [1]], [[192.78065], [3]], [[193.29819], [2]], [[193.81809], [3]], [[194.34113], [1]], [[194.84115], [1]], [[195.8785], [8]], [[195.8785], [8]], [[196.89805], [1]], [[197.42136], [3]], [[197.9197], [2]], [[198.44102], [8]], [[198.96064], [1]], [[199.46011], [1]], [[199.98129], [0]], [[201.00032], [3]], [[201.50082], [1]], [[202.02144], [1]], [[202.53836], [2]], [[204.08068], [8]], [[204.65822], [1]], [[205.1008], [1]], [[205.61886], [0]], [[206.12058], [2]], [[207.16078], [3]], [[207.65867], [2]], [[208.17846], [0]], [[208.6994], [1]], [[209.19923], [3]], [[210.23971], [1]], [[210.73877], [8]], [[211.26136], [1]], [[211.78084], [8]], [[212.28121], [1]], [[212.7993], [2]], [[213.29827], [8]], [[213.8184], [8]], [[214.3401], [1]], [[214.85996], [2]], [[215.35916], [3]], [[216.15933], [1]], [[216.37926], [1]], [[218.43998], [1]], [[219.46149], [0]], [[220.47837], [2]], [[221.00116], [3]], [[221.51932], [2]], [[222.53919], [3]], [[223.05836], [1]], [[223.55883], [3]], [[224.60112], [1]], [[225.62095], [2]], [[226.63833], [3]], [[227.65842], [8]], [[228.70052], [8]], [[229.72043], [1]], [[230.74016], [1]], [[232.79842], [3]], [[233.82004], [1]], [[234.83822], [2]], [[236.9006], [8]]]}